-- MySQL Script generated by MySQL Workbench
-- dim 29 déc 2019 18:39:41 CET
-- Model: New Model    Version: 1.0
-- MySQL Workbench Forward Engineering

SET @OLD_UNIQUE_CHECKS=@@UNIQUE_CHECKS, UNIQUE_CHECKS=0;
SET @OLD_FOREIGN_KEY_CHECKS=@@FOREIGN_KEY_CHECKS, FOREIGN_KEY_CHECKS=0;
SET @OLD_SQL_MODE=@@SQL_MODE, SQL_MODE='TRADITIONAL,ALLOW_INVALID_DATES';

-- -----------------------------------------------------
-- Schema iot
-- -----------------------------------------------------
DROP SCHEMA IF EXISTS `iot` ;

-- -----------------------------------------------------
-- Schema iot
-- -----------------------------------------------------
CREATE SCHEMA IF NOT EXISTS `iot` DEFAULT CHARACTER SET utf8 ;
USE `iot` ;

-- -----------------------------------------------------
-- Table `iot`.`Room`
-- -----------------------------------------------------
DROP TABLE IF EXISTS `iot`.`Room` ;

CREATE TABLE IF NOT EXISTS `iot`.`Room` (
  `number` INT NOT NULL,
  `floor` INT NOT NULL,
  PRIMARY KEY (`number`),
  UNIQUE INDEX `number_UNIQUE` (`number` ASC))
ENGINE = InnoDB;


-- -----------------------------------------------------
-- Table `iot`.`Beacon`
-- -----------------------------------------------------
DROP TABLE IF EXISTS `iot`.`Beacon` ;

CREATE TABLE IF NOT EXISTS `iot`.`Beacon` (
  `uuid` VARCHAR(255) NOT NULL,
  `major` INT NOT NULL,
  `minor` INT NOT NULL,
  `room_number` INT NOT NULL,
  PRIMARY KEY (`uuid`, `major`, `minor`),
  INDEX `fk_Beacon_Room1_idx` (`room_number` ASC),
  CONSTRAINT `fk_Beacon_Room1`
    FOREIGN KEY (`room_number`)
    REFERENCES `iot`.`Room` (`number`)
    ON DELETE NO ACTION
    ON UPDATE NO ACTION)
ENGINE = InnoDB;


-- -----------------------------------------------------
-- Table `iot`.`Knx_device`
-- -----------------------------------------------------
DROP TABLE IF EXISTS `iot`.`Knx_device` ;

CREATE TABLE IF NOT EXISTS `iot`.`Knx_device` (
  `type` VARCHAR(255) NOT NULL,
  `room_number` INT NOT NULL,
  PRIMARY KEY (`type`, `room_number`),
  INDEX `fk_Knx_device_Room1_idx` (`room_number` ASC),
  CONSTRAINT `fk_Knx_device_Room1`
    FOREIGN KEY (`room_number`)
    REFERENCES `iot`.`Room` (`number`)
    ON DELETE NO ACTION
    ON UPDATE NO ACTION)
ENGINE = InnoDB;


-- -----------------------------------------------------
-- Table `iot`.`Knx_log`
-- -----------------------------------------------------
DROP TABLE IF EXISTS `iot`.`Knx_log` ;

CREATE TABLE IF NOT EXISTS `iot`.`Knx_log` (
  `id` VARCHAR(45) NOT NULL,
  `timestamp` TIMESTAMP NOT NULL,
  `value` INT NOT NULL,
  `knx_device_type` VARCHAR(255) NOT NULL,
  `knx_device_room_number` INT NOT NULL,
  PRIMARY KEY (`id`),
  INDEX `fk_Knx_log_Knx_device1_idx` (`knx_device_type` ASC, `knx_device_room_number` ASC),
  CONSTRAINT `fk_Knx_log_Knx_device1`
    FOREIGN KEY (`knx_device_type` , `knx_device_room_number`)
    REFERENCES `iot`.`Knx_device` (`type` , `room_number`)
    ON DELETE NO ACTION
    ON UPDATE NO ACTION)
ENGINE = InnoDB;


-- -----------------------------------------------------
-- Table `iot`.`Zwave_node`
-- -----------------------------------------------------
DROP TABLE IF EXISTS `iot`.`Zwave_node` ;

CREATE TABLE IF NOT EXISTS `iot`.`Zwave_node` (
  `id` INT NOT NULL,
  `room_number` INT NOT NULL,
  `product_name` VARCHAR(255) NULL,
  PRIMARY KEY (`id`),
  UNIQUE INDEX `id_UNIQUE` (`id` ASC),
  INDEX `fk_Zwave_node_Room1_idx` (`room_number` ASC),
  CONSTRAINT `fk_Zwave_node_Room1`
    FOREIGN KEY (`room_number`)
    REFERENCES `iot`.`Room` (`number`)
    ON DELETE NO ACTION
    ON UPDATE NO ACTION)
ENGINE = InnoDB;


-- -----------------------------------------------------
-- Table `iot`.`Zwave_log`
-- -----------------------------------------------------
DROP TABLE IF EXISTS `iot`.`Zwave_log` ;

CREATE TABLE IF NOT EXISTS `iot`.`Zwave_log` (
  `id` INT NOT NULL,
  `timestamp` TIMESTAMP NULL,
  `value` INT NULL,
  `zwave_node_id` INT NOT NULL,
  PRIMARY KEY (`id`),
  INDEX `fk_Zwave_log_Zwave_node1_idx` (`zwave_node_id` ASC),
  CONSTRAINT `fk_Zwave_log_Zwave_node1`
    FOREIGN KEY (`zwave_node_id`)
    REFERENCES `iot`.`Zwave_node` (`id`)
    ON DELETE NO ACTION
    ON UPDATE NO ACTION)
ENGINE = InnoDB;


SET SQL_MODE=@OLD_SQL_MODE;
SET FOREIGN_KEY_CHECKS=@OLD_FOREIGN_KEY_CHECKS;
SET UNIQUE_CHECKS=@OLD_UNIQUE_CHECKS;


-- -----------------------------------------------------

INSERT INTO `iot`.`Room` (`number`, `floor`) VALUES (1, 4);
INSERT INTO `iot`.`Room` (`number`, `floor`) VALUES (2, 4);
INSERT INTO `iot`.`Room` (`number`, `floor`) VALUES (10, 4);
INSERT INTO `iot`.`Room` (`number`, `floor`) VALUES (11, 4);

INSERT INTO `iot`.`Beacon` (`uuid`, `major`, `minor`, `room_number`)
  VALUES ('b9407f30-f5f8-466e-aff9-25556b57fe6d', 17644, 12302, 1);
INSERT INTO `iot`.`Beacon` (`uuid`, `major`, `minor`, `room_number`)
  VALUES ('b9407f30-f5f8-466e-aff9-25556b57fe6d', 17644, 31456, 2);
INSERT INTO `iot`.`Beacon` (`uuid`, `major`, `minor`, `room_number`)
  VALUES ('b9407f30-f5f8-466e-aff9-25556b57fe6d', 30874, 43216, 10);
INSERT INTO `iot`.`Beacon` (`uuid`, `major`, `minor`, `room_number`)
  VALUES ('b9407f30-f5f8-466e-aff9-25556b57fe6d', 30874, 10279, 11);

INSERT INTO `iot`.`Knx_device` (`type`, `room_number`) VALUES ("radiator", 1);
INSERT INTO `iot`.`Knx_device` (`type`, `room_number`) VALUES ("radiator", 2);
INSERT INTO `iot`.`Knx_device` (`type`, `room_number`) VALUES ("radiator", 10);
INSERT INTO `iot`.`Knx_device` (`type`, `room_number`) VALUES ("radiator", 11);
INSERT INTO `iot`.`Knx_device` (`type`, `room_number`) VALUES ("blind", 1);
INSERT INTO `iot`.`Knx_device` (`type`, `room_number`) VALUES ("blind", 2);
INSERT INTO `iot`.`Knx_device` (`type`, `room_number`) VALUES ("blind", 10);
INSERT INTO `iot`.`Knx_device` (`type`, `room_number`) VALUES ("blind", 11);

INSERT INTO `iot`.`Zwave_node` (`id`, `room_number`, `product_name`) VALUES (4, 1, "Multisensor 6");
INSERT INTO `iot`.`Zwave_node` (`id`, `room_number`, `product_name`) VALUES (5, 1, "ZE27");
INSERT INTO `iot`.`Zwave_node` (`id`, `room_number`, `product_name`) VALUES (6, 2, "Multisensor 6");
INSERT INTO `iot`.`Zwave_node` (`id`, `room_number`, `product_name`) VALUES (7, 2, "ZE27");
INSERT INTO `iot`.`Zwave_node` (`id`, `room_number`, `product_name`) VALUES (8, 10, "Bob");
INSERT INTO `iot`.`Zwave_node` (`id`, `room_number`, `product_name`) VALUES (9, 10, "Fred");

